-- phpMyAdmin SQL Dump
-- version 4.9.0.1
-- https://www.phpmyadmin.net/
--
-- Host: localhost
-- Generation Time: Jun 27, 2020 at 09:27 PM
-- Server version: 10.4.6-MariaDB
-- PHP Version: 7.1.32

SET SQL_MODE = "NO_AUTO_VALUE_ON_ZERO";
SET AUTOCOMMIT = 0;
START TRANSACTION;
SET time_zone = "+00:00";


/*!40101 SET @OLD_CHARACTER_SET_CLIENT=@@CHARACTER_SET_CLIENT */;
/*!40101 SET @OLD_CHARACTER_SET_RESULTS=@@CHARACTER_SET_RESULTS */;
/*!40101 SET @OLD_COLLATION_CONNECTION=@@COLLATION_CONNECTION */;
/*!40101 SET NAMES utf8mb4 */;

--
-- Database: `gracebaptist`
--

-- --------------------------------------------------------

--
-- Table structure for table `active_guests`
--

CREATE TABLE `active_guests` (
  `ip` varchar(15) NOT NULL,
  `timestamp` int(11) UNSIGNED NOT NULL
) ENGINE=InnoDB DEFAULT CHARSET=latin1;

-- --------------------------------------------------------

--
-- Table structure for table `active_users`
--

CREATE TABLE `active_users` (
  `username` varchar(30) NOT NULL,
  `timestamp` int(11) UNSIGNED NOT NULL
) ENGINE=InnoDB DEFAULT CHARSET=latin1;

--
-- Dumping data for table `active_users`
--

INSERT INTO `active_users` (`username`, `timestamp`) VALUES
('kwame', 1593285091);

-- --------------------------------------------------------

--
-- Table structure for table `banned_users`
--

CREATE TABLE `banned_users` (
  `username` varchar(30) NOT NULL,
  `timestamp` int(11) UNSIGNED NOT NULL
) ENGINE=InnoDB DEFAULT CHARSET=latin1;

-- --------------------------------------------------------

--
-- Table structure for table `benefiters`
--

CREATE TABLE `benefiters` (
  `id` int(10) NOT NULL,
  `benefiter_name` varchar(255) NOT NULL,
  `date_added` timestamp NOT NULL DEFAULT current_timestamp() ON UPDATE current_timestamp()
) ENGINE=InnoDB DEFAULT CHARSET=latin1;

-- --------------------------------------------------------

--
-- Table structure for table `donations`
--

CREATE TABLE `donations` (
  `id` int(11) NOT NULL,
  `amount_paid` varchar(255) NOT NULL,
  `donation` varchar(255) NOT NULL,
  `description` varchar(255) NOT NULL,
  `user_id` varchar(255) NOT NULL,
  `date_paid` timestamp NOT NULL DEFAULT current_timestamp(),
  `type` varchar(255) NOT NULL,
  `del` int(10) NOT NULL
) ENGINE=InnoDB DEFAULT CHARSET=latin1;

-- --------------------------------------------------------

--
-- Table structure for table `dues_contribution`
--

CREATE TABLE `dues_contribution` (
  `id` int(11) NOT NULL,
  `amount_paid` varchar(255) NOT NULL,
  `benefiter` varchar(255) NOT NULL,
  `description` varchar(255) NOT NULL,
  `user_id` varchar(255) NOT NULL,
  `date_paid` timestamp NOT NULL DEFAULT current_timestamp(),
  `type` varchar(255) NOT NULL,
  `del` int(10) NOT NULL
) ENGINE=InnoDB DEFAULT CHARSET=latin1;

-- --------------------------------------------------------

--
-- Table structure for table `ecka_grant_access`
--

CREATE TABLE `ecka_grant_access` (
  `id` int(10) NOT NULL,
  `permission_id` varchar(255) NOT NULL,
  `username` varchar(255) NOT NULL
) ENGINE=InnoDB DEFAULT CHARSET=latin1;

--
-- Dumping data for table `ecka_grant_access`
--

INSERT INTO `ecka_grant_access` (`id`, `permission_id`, `username`) VALUES
(12, 'config', 'kwame'),
(14, 'profile', 'helloworld'),
(93, 'dashboard', 'awuku'),
(98, 'profile', 'awuku'),
(106, 'config', 'awuku'),
(119, 'dashboard', 'admin'),
(120, 'editor', 'admin'),
(121, 'reporting', 'admin'),
(122, 'newproject', 'admin'),
(123, 'config', 'admin'),
(124, 'profile', 'admin'),
(136, 'editor', 'awuku'),
(137, 'reporting', 'awuku'),
(138, 'newproject', 'awuku'),
(139, 'dashboard', 'kwame'),
(140, 'editor', 'kwame'),
(141, 'reporting', 'kwame'),
(142, 'newproject', 'kwame'),
(143, 'profile', 'kwame');

-- --------------------------------------------------------

--
-- Table structure for table `ecka_modules`
--

CREATE TABLE `ecka_modules` (
  `module_id` varchar(255) NOT NULL,
  `sort` int(10) NOT NULL,
  `language` varchar(255) NOT NULL,
  `logo` varchar(255) NOT NULL
) ENGINE=InnoDB DEFAULT CHARSET=latin1;

--
-- Dumping data for table `ecka_modules`
--

INSERT INTO `ecka_modules` (`module_id`, `sort`, `language`, `logo`) VALUES
('config', 90, 'Configuration', 'fa-tools'),
('dashboard', 10, 'Tithing\r\n', 'fa-tachometer-alt'),
('editor', 20, 'Editor', 'fa-edit'),
('newproject', 80, 'New Project', 'fa-project-diagram'),
('profile', 100, 'Profile', 'fa-power-off'),
('reporting', 40, 'Reporting', 'fa-chart-line');

-- --------------------------------------------------------

--
-- Table structure for table `ecka_permissions`
--

CREATE TABLE `ecka_permissions` (
  `permission_id` varchar(255) NOT NULL,
  `module_id` varchar(255) NOT NULL
) ENGINE=InnoDB DEFAULT CHARSET=latin1;

--
-- Dumping data for table `ecka_permissions`
--

INSERT INTO `ecka_permissions` (`permission_id`, `module_id`) VALUES
('config', 'config'),
('dashboard', 'dashboard'),
('editor', 'editor'),
('newproject', 'newproject'),
('profile', 'profile'),
('reporting', 'reporting');

-- --------------------------------------------------------

--
-- Table structure for table `fellowship`
--

CREATE TABLE `fellowship` (
  `id` int(11) NOT NULL,
  `fship_name` varchar(255) NOT NULL,
  `date_added` timestamp NOT NULL DEFAULT current_timestamp()
) ENGINE=InnoDB DEFAULT CHARSET=latin1;

-- --------------------------------------------------------

--
-- Table structure for table `members`
--

CREATE TABLE `members` (
  `id` int(10) UNSIGNED NOT NULL,
  `first_name` varchar(255) NOT NULL,
  `last_name` varchar(255) NOT NULL,
  `phone` varchar(255) NOT NULL,
  `email_address` varchar(255) NOT NULL,
  `zone` varchar(255) NOT NULL,
  `card_number` varchar(255) NOT NULL,
  `dob` varchar(255) NOT NULL,
  `fship` varchar(255) NOT NULL,
  `date_register` timestamp NOT NULL DEFAULT current_timestamp()
) ENGINE=InnoDB DEFAULT CHARSET=latin1;

-- --------------------------------------------------------

--
-- Table structure for table `potential_card_numbers`
--

CREATE TABLE `potential_card_numbers` (
  `id` int(11) NOT NULL,
  `potential_numbers` varchar(255) NOT NULL,
  `usages` varchar(255) NOT NULL
) ENGINE=InnoDB DEFAULT CHARSET=latin1;

--
-- Dumping data for table `potential_card_numbers`
--

INSERT INTO `potential_card_numbers` (`id`, `potential_numbers`, `usages`) VALUES
(1, '000001', '0'),
(2, '000002', '0'),
(3, '000003', '0'),
(4, '000004', '0'),
(5, '000005', '0'),
(6, '000006', '0'),
(7, '000007', '0'),
(8, '000008', '0'),
(9, '000009', '0'),
(10, '000010', '0'),
(11, '000011', '0'),
(12, '000012', '0'),
(13, '000013', '0'),
(14, '000014', '0'),
(15, '000015', '0'),
(16, '000016', '0'),
(17, '000017', '0'),
(18, '000018', '0'),
(19, '000019', '0'),
(20, '000020', '0'),
(21, '000021', '0'),
(22, '000022', '0'),
(23, '000023', '0'),
(24, '000024', '0'),
(25, '000025', '0'),
(26, '000026', '0'),
(27, '000027', '0'),
(28, '000028', '0'),
(29, '000029', '0'),
(30, '000030', '0'),
(31, '000031', '0'),
(32, '000032', '0'),
(33, '000033', '0'),
(34, '000034', '0'),
(35, '000035', '0'),
(36, '000036', '0'),
(37, '000037', '0'),
(38, '000038', '0'),
(39, '000039', '0'),
(40, '000040', '0'),
(41, '000041', '0'),
(42, '000042', '0'),
(43, '000043', '0'),
(44, '000044', '0'),
(45, '000045', '0'),
(46, '000046', '0'),
(47, '000047', '0'),
(48, '000048', '0'),
(49, '000049', '0'),
(50, '000050', '0'),
(51, '000051', '0'),
(52, '000052', '0'),
(53, '000053', '0'),
(54, '000054', '0'),
(55, '000055', '0'),
(56, '000056', '0'),
(57, '000057', '0'),
(58, '000058', '0'),
(59, '000059', '0'),
(60, '000060', '0'),
(61, '000061', '0'),
(62, '000062', '0'),
(63, '000063', '0'),
(64, '000064', '0'),
(65, '000065', '0'),
(66, '000066', '0'),
(67, '000067', '0'),
(68, '000068', '0'),
(69, '000069', '0'),
(70, '000070', '0'),
(71, '000071', '0'),
(72, '000072', '0'),
(73, '000073', '0'),
(74, '000074', '0'),
(75, '000075', '0'),
(76, '000076', '0'),
(77, '000077', '0'),
(78, '000078', '0'),
(79, '000079', '0'),
(80, '000080', '0'),
(81, '000081', '0'),
(82, '000082', '0'),
(83, '000083', '0'),
(84, '000084', '0'),
(85, '000085', '0'),
(86, '000086', '0'),
(87, '000087', '0'),
(88, '000088', '0'),
(89, '000089', '0'),
(90, '000090', '0'),
(91, '000091', '0'),
(92, '000092', '0'),
(93, '000093', '0'),
(94, '000094', '0'),
(95, '000095', '0'),
(96, '000096', '0'),
(97, '000097', '0'),
(98, '000098', '0'),
(99, '000099', '0'),
(100, '000100', '0'),
(101, '000101', '0'),
(102, '000102', '0'),
(103, '000103', '0'),
(104, '000104', '0'),
(105, '000105', '0'),
(106, '000106', '0'),
(107, '000107', '0'),
(108, '000108', '0'),
(109, '000109', '0'),
(110, '000110', '0'),
(111, '000111', '0'),
(112, '000112', '0'),
(113, '000113', '0'),
(114, '000114', '0'),
(115, '000115', '0'),
(116, '000116', '0'),
(117, '000117', '0'),
(118, '000118', '0'),
(119, '000119', '0'),
(120, '000120', '0'),
(121, '000121', '0'),
(122, '000122', '0'),
(123, '000123', '0'),
(124, '000124', '0'),
(125, '000125', '0'),
(126, '000126', '0'),
(127, '000127', '0'),
(128, '000128', '0'),
(129, '000129', '0'),
(130, '000130', '0'),
(131, '000131', '0'),
(132, '000132', '0'),
(133, '000133', '0'),
(134, '000134', '0'),
(135, '000135', '0'),
(136, '000136', '0'),
(137, '000137', '0'),
(138, '000138', '0'),
(139, '000139', '0'),
(140, '000140', '0'),
(141, '000141', '0'),
(142, '000142', '0'),
(143, '000143', '0'),
(144, '000144', '0'),
(145, '000145', '0'),
(146, '000146', '0'),
(147, '000147', '0'),
(148, '000148', '0'),
(149, '000149', '0'),
(150, '000150', '0'),
(151, '000151', '0'),
(152, '000152', '0'),
(153, '000153', '0'),
(154, '000154', '0'),
(155, '000155', '0'),
(156, '000156', '0'),
(157, '000157', '0'),
(158, '000158', '0'),
(159, '000159', '0'),
(160, '000160', '0'),
(161, '000161', '0'),
(162, '000162', '0'),
(163, '000163', '0'),
(164, '000164', '0'),
(165, '000165', '0'),
(166, '000166', '0'),
(167, '000167', '0'),
(168, '000168', '0'),
(169, '000169', '0'),
(170, '000170', '0'),
(171, '000171', '0'),
(172, '000172', '0'),
(173, '000173', '0'),
(174, '000174', '0'),
(175, '000175', '0'),
(176, '000176', '0'),
(177, '000177', '0'),
(178, '000178', '0'),
(179, '000179', '0'),
(180, '000180', '0'),
(181, '000181', '0'),
(182, '000182', '0'),
(183, '000183', '0'),
(184, '000184', '0'),
(185, '000185', '0'),
(186, '000186', '0'),
(187, '000187', '0'),
(188, '000188', '0'),
(189, '000189', '0'),
(190, '000190', '0'),
(191, '000191', '0'),
(192, '000192', '0'),
(193, '000193', '0'),
(194, '000194', '0'),
(195, '000195', '0'),
(196, '000196', '0'),
(197, '000197', '0'),
(198, '000198', '0'),
(199, '000199', '0'),
(200, '000200', '0'),
(201, '000201', '0'),
(202, '000202', '0'),
(203, '000203', '0'),
(204, '000204', '0'),
(205, '000205', '0'),
(206, '000206', '0'),
(207, '000207', '0'),
(208, '000208', '0'),
(209, '000209', '0'),
(210, '000210', '0'),
(211, '000211', '0'),
(212, '000212', '0'),
(213, '000213', '0'),
(214, '000214', '0'),
(215, '000215', '0'),
(216, '000216', '0'),
(217, '000217', '0'),
(218, '000218', '0'),
(219, '000219', '0'),
(220, '000220', '0'),
(221, '000221', '0'),
(222, '000222', '0'),
(223, '000223', '0'),
(224, '000224', '0'),
(225, '000225', '0'),
(226, '000226', '0'),
(227, '000227', '0'),
(228, '000228', '0'),
(229, '000229', '0'),
(230, '000230', '0'),
(231, '000231', '0'),
(232, '000232', '0'),
(233, '000233', '0'),
(234, '000234', '0'),
(235, '000235', '0'),
(236, '000236', '0'),
(237, '000237', '0'),
(238, '000238', '0'),
(239, '000239', '0'),
(240, '000240', '0'),
(241, '000241', '0'),
(242, '000242', '0'),
(243, '000243', '0'),
(244, '000244', '0'),
(245, '000245', '0'),
(246, '000246', '0'),
(247, '000247', '0'),
(248, '000248', '0'),
(249, '000249', '0'),
(250, '000250', '0'),
(251, '000251', '0'),
(252, '000252', '0'),
(253, '000253', '0'),
(254, '000254', '0'),
(255, '000255', '0'),
(256, '000256', '0'),
(257, '000257', '0'),
(258, '000258', '0'),
(259, '000259', '0'),
(260, '000260', '0'),
(261, '000261', '0'),
(262, '000262', '0'),
(263, '000263', '0'),
(264, '000264', '0'),
(265, '000265', '0'),
(266, '000266', '0'),
(267, '000267', '0'),
(268, '000268', '0'),
(269, '000269', '0'),
(270, '000270', '0'),
(271, '000271', '0'),
(272, '000272', '0'),
(273, '000273', '0'),
(274, '000274', '0'),
(275, '000275', '0'),
(276, '000276', '0'),
(277, '000277', '0'),
(278, '000278', '0'),
(279, '000279', '0'),
(280, '000280', '0'),
(281, '000281', '0'),
(282, '000282', '0'),
(283, '000283', '0'),
(284, '000284', '0'),
(285, '000285', '0'),
(286, '000286', '0'),
(287, '000287', '0'),
(288, '000288', '0'),
(289, '000289', '0'),
(290, '000290', '0'),
(291, '000291', '0'),
(292, '000292', '0'),
(293, '000293', '0'),
(294, '000294', '0'),
(295, '000295', '0'),
(296, '000296', '0'),
(297, '000297', '0'),
(298, '000298', '0'),
(299, '000299', '0'),
(300, '000300', '0'),
(301, '000301', '0'),
(302, '000302', '0'),
(303, '000303', '0'),
(304, '000304', '0'),
(305, '000305', '0'),
(306, '000306', '0'),
(307, '000307', '0'),
(308, '000308', '0'),
(309, '000309', '0'),
(310, '000310', '0'),
(311, '000311', '0'),
(312, '000312', '0'),
(313, '000313', '0'),
(314, '000314', '0'),
(315, '000315', '0'),
(316, '000316', '0'),
(317, '000317', '0'),
(318, '000318', '0'),
(319, '000319', '0'),
(320, '000320', '0'),
(321, '000321', '0'),
(322, '000322', '0'),
(323, '000323', '0'),
(324, '000324', '0'),
(325, '000325', '0'),
(326, '000326', '0'),
(327, '000327', '0'),
(328, '000328', '0'),
(329, '000329', '0'),
(330, '000330', '0'),
(331, '000331', '0'),
(332, '000332', '0'),
(333, '000333', '0'),
(334, '000334', '0'),
(335, '000335', '0'),
(336, '000336', '0'),
(337, '000337', '0'),
(338, '000338', '0'),
(339, '000339', '0'),
(340, '000340', '0'),
(341, '000341', '0'),
(342, '000342', '0'),
(343, '000343', '0'),
(344, '000344', '0'),
(345, '000345', '0'),
(346, '000346', '0'),
(347, '000347', '0'),
(348, '000348', '0'),
(349, '000349', '0'),
(350, '000350', '0'),
(351, '000351', '0'),
(352, '000352', '0'),
(353, '000353', '0'),
(354, '000354', '0'),
(355, '000355', '0'),
(356, '000356', '0'),
(357, '000357', '0'),
(358, '000358', '0'),
(359, '000359', '0'),
(360, '000360', '0'),
(361, '000361', '0'),
(362, '000362', '0'),
(363, '000363', '0'),
(364, '000364', '0'),
(365, '000365', '0'),
(366, '000366', '0'),
(367, '000367', '0'),
(368, '000368', '0'),
(369, '000369', '0'),
(370, '000370', '0'),
(371, '000371', '0'),
(372, '000372', '0'),
(373, '000373', '0'),
(374, '000374', '0'),
(375, '000375', '0'),
(376, '000376', '0'),
(377, '000377', '0'),
(378, '000378', '0'),
(379, '000379', '0'),
(380, '000380', '0'),
(381, '000381', '0'),
(382, '000382', '0'),
(383, '000383', '0'),
(384, '000384', '0'),
(385, '000385', '0'),
(386, '000386', '0'),
(387, '000387', '0'),
(388, '000388', '0'),
(389, '000389', '0'),
(390, '000390', '0'),
(391, '000391', '0'),
(392, '000392', '0'),
(393, '000393', '0'),
(394, '000394', '0'),
(395, '000395', '0'),
(396, '000396', '0'),
(397, '000397', '0'),
(398, '000398', '0'),
(399, '000399', '0'),
(400, '000400', '0'),
(401, '000401', '0'),
(402, '000402', '0'),
(403, '000403', '0'),
(404, '000404', '0'),
(405, '000405', '0'),
(406, '000406', '0'),
(407, '000407', '0'),
(408, '000408', '0'),
(409, '000409', '0'),
(410, '000410', '0'),
(411, '000411', '0'),
(412, '000412', '0'),
(413, '000413', '0'),
(414, '000414', '0'),
(415, '000415', '0'),
(416, '000416', '0'),
(417, '000417', '0'),
(418, '000418', '0'),
(419, '000419', '0'),
(420, '000420', '0'),
(421, '000421', '0'),
(422, '000422', '0'),
(423, '000423', '0'),
(424, '000424', '0'),
(425, '000425', '0'),
(426, '000426', '0'),
(427, '000427', '0'),
(428, '000428', '0'),
(429, '000429', '0'),
(430, '000430', '0'),
(431, '000431', '0'),
(432, '000432', '0'),
(433, '000433', '0'),
(434, '000434', '0'),
(435, '000435', '0'),
(436, '000436', '0'),
(437, '000437', '0'),
(438, '000438', '0'),
(439, '000439', '0'),
(440, '000440', '0'),
(441, '000441', '0'),
(442, '000442', '0'),
(443, '000443', '0'),
(444, '000444', '0'),
(445, '000445', '0'),
(446, '000446', '0'),
(447, '000447', '0'),
(448, '000448', '0'),
(449, '000449', '0'),
(450, '000450', '0'),
(451, '000451', '0'),
(452, '000452', '0'),
(453, '000453', '0'),
(454, '000454', '0'),
(455, '000455', '0'),
(456, '000456', '0'),
(457, '000457', '0'),
(458, '000458', '0'),
(459, '000459', '0'),
(460, '000460', '0'),
(461, '000461', '0'),
(462, '000462', '0'),
(463, '000463', '0'),
(464, '000464', '0'),
(465, '000465', '0'),
(466, '000466', '0'),
(467, '000467', '0'),
(468, '000468', '0'),
(469, '000469', '0'),
(470, '000470', '0'),
(471, '000471', '0'),
(472, '000472', '0'),
(473, '000473', '0'),
(474, '000474', '0'),
(475, '000475', '0'),
(476, '000476', '0'),
(477, '000477', '0'),
(478, '000478', '0'),
(479, '000479', '0'),
(480, '000480', '0'),
(481, '000481', '0'),
(482, '000482', '0'),
(483, '000483', '0'),
(484, '000484', '0'),
(485, '000485', '0'),
(486, '000486', '0'),
(487, '000487', '0'),
(488, '000488', '0'),
(489, '000489', '0'),
(490, '000490', '0'),
(491, '000491', '0'),
(492, '000492', '0'),
(493, '000493', '0'),
(494, '000494', '0'),
(495, '000495', '0'),
(496, '000496', '0'),
(497, '000497', '0'),
(498, '000498', '0'),
(499, '000499', '0'),
(500, '000500', '0'),
(501, '000501', '0'),
(502, '000502', '0'),
(503, '000503', '0'),
(504, '000504', '0'),
(505, '000505', '0'),
(506, '000506', '0'),
(507, '000507', '0'),
(508, '000508', '0'),
(509, '000509', '0'),
(510, '000510', '0'),
(511, '000511', '0'),
(512, '000512', '0'),
(513, '000513', '0'),
(514, '000514', '0'),
(515, '000515', '0'),
(516, '000516', '0'),
(517, '000517', '0'),
(518, '000518', '0'),
(519, '000519', '0'),
(520, '000520', '0'),
(521, '000521', '0'),
(522, '000522', '0'),
(523, '000523', '0'),
(524, '000524', '0'),
(525, '000525', '0'),
(526, '000526', '0'),
(527, '000527', '0'),
(528, '000528', '0'),
(529, '000529', '0'),
(530, '000530', '0'),
(531, '000531', '0'),
(532, '000532', '0'),
(533, '000533', '0'),
(534, '000534', '0'),
(535, '000535', '0'),
(536, '000536', '0'),
(537, '000537', '0'),
(538, '000538', '0'),
(539, '000539', '0'),
(540, '000540', '0'),
(541, '000541', '0'),
(542, '000542', '0'),
(543, '000543', '0'),
(544, '000544', '0'),
(545, '000545', '0'),
(546, '000546', '0'),
(547, '000547', '0'),
(548, '000548', '0'),
(549, '000549', '0'),
(550, '000550', '0'),
(551, '000551', '0'),
(552, '000552', '0'),
(553, '000553', '0'),
(554, '000554', '0'),
(555, '000555', '0'),
(556, '000556', '0'),
(557, '000557', '0'),
(558, '000558', '0'),
(559, '000559', '0'),
(560, '000560', '0'),
(561, '000561', '0'),
(562, '000562', '0'),
(563, '000563', '0'),
(564, '000564', '0'),
(565, '000565', '0'),
(566, '000566', '0'),
(567, '000567', '0'),
(568, '000568', '0'),
(569, '000569', '0'),
(570, '000570', '0'),
(571, '000571', '0'),
(572, '000572', '0'),
(573, '000573', '0'),
(574, '000574', '0'),
(575, '000575', '0'),
(576, '000576', '0'),
(577, '000577', '0'),
(578, '000578', '0'),
(579, '000579', '0'),
(580, '000580', '0'),
(581, '000581', '0'),
(582, '000582', '0'),
(583, '000583', '0'),
(584, '000584', '0'),
(585, '000585', '0'),
(586, '000586', '0'),
(587, '000587', '0'),
(588, '000588', '0'),
(589, '000589', '0'),
(590, '000590', '0'),
(591, '000591', '0'),
(592, '000592', '0'),
(593, '000593', '0'),
(594, '000594', '0'),
(595, '000595', '0'),
(596, '000596', '0'),
(597, '000597', '0'),
(598, '000598', '0'),
(599, '000599', '0'),
(600, '000600', '0'),
(601, '000601', '0'),
(602, '000602', '0'),
(603, '000603', '0'),
(604, '000604', '0'),
(605, '000605', '0'),
(606, '000606', '0'),
(607, '000607', '0'),
(608, '000608', '0'),
(609, '000609', '0'),
(610, '000610', '0'),
(611, '000611', '0'),
(612, '000612', '0'),
(613, '000613', '0'),
(614, '000614', '0'),
(615, '000615', '0'),
(616, '000616', '0'),
(617, '000617', '0'),
(618, '000618', '0'),
(619, '000619', '0'),
(620, '000620', '0'),
(621, '000621', '0'),
(622, '000622', '0'),
(623, '000623', '0'),
(624, '000624', '0'),
(625, '000625', '0'),
(626, '000626', '0'),
(627, '000627', '0'),
(628, '000628', '0'),
(629, '000629', '0'),
(630, '000630', '0'),
(631, '000631', '0'),
(632, '000632', '0'),
(633, '000633', '0'),
(634, '000634', '0'),
(635, '000635', '0'),
(636, '000636', '0'),
(637, '000637', '0'),
(638, '000638', '0'),
(639, '000639', '0'),
(640, '000640', '0'),
(641, '000641', '0'),
(642, '000642', '0'),
(643, '000643', '0'),
(644, '000644', '0'),
(645, '000645', '0'),
(646, '000646', '0'),
(647, '000647', '0'),
(648, '000648', '0'),
(649, '000649', '0'),
(650, '000650', '0'),
(651, '000651', '0'),
(652, '000652', '0'),
(653, '000653', '0'),
(654, '000654', '0'),
(655, '000655', '0'),
(656, '000656', '0'),
(657, '000657', '0'),
(658, '000658', '0'),
(659, '000659', '0'),
(660, '000660', '0'),
(661, '000661', '0'),
(662, '000662', '0'),
(663, '000663', '0'),
(664, '000664', '0'),
(665, '000665', '0'),
(666, '000666', '0'),
(667, '000667', '0'),
(668, '000668', '0'),
(669, '000669', '0'),
(670, '000670', '0'),
(671, '000671', '0'),
(672, '000672', '0'),
(673, '000673', '0'),
(674, '000674', '0'),
(675, '000675', '0'),
(676, '000676', '0'),
(677, '000677', '0'),
(678, '000678', '0'),
(679, '000679', '0'),
(680, '000680', '0'),
(681, '000681', '0'),
(682, '000682', '0'),
(683, '000683', '0'),
(684, '000684', '0'),
(685, '000685', '0'),
(686, '000686', '0'),
(687, '000687', '0'),
(688, '000688', '0'),
(689, '000689', '0'),
(690, '000690', '0'),
(691, '000691', '0'),
(692, '000692', '0'),
(693, '000693', '0'),
(694, '000694', '0'),
(695, '000695', '0'),
(696, '000696', '0'),
(697, '000697', '0'),
(698, '000698', '0'),
(699, '000699', '0'),
(700, '000700', '0'),
(701, '000701', '0'),
(702, '000702', '0'),
(703, '000703', '0'),
(704, '000704', '0'),
(705, '000705', '0'),
(706, '000706', '0'),
(707, '000707', '0'),
(708, '000708', '0'),
(709, '000709', '0'),
(710, '000710', '0'),
(711, '000711', '0'),
(712, '000712', '0'),
(713, '000713', '0'),
(714, '000714', '0'),
(715, '000715', '0'),
(716, '000716', '0'),
(717, '000717', '0'),
(718, '000718', '0'),
(719, '000719', '0'),
(720, '000720', '0'),
(721, '000721', '0'),
(722, '000722', '0'),
(723, '000723', '0'),
(724, '000724', '0'),
(725, '000725', '0'),
(726, '000726', '0'),
(727, '000727', '0'),
(728, '000728', '0'),
(729, '000729', '0'),
(730, '000730', '0'),
(731, '000731', '0'),
(732, '000732', '0'),
(733, '000733', '0'),
(734, '000734', '0'),
(735, '000735', '0'),
(736, '000736', '0'),
(737, '000737', '0'),
(738, '000738', '0'),
(739, '000739', '0'),
(740, '000740', '0'),
(741, '000741', '0'),
(742, '000742', '0'),
(743, '000743', '0'),
(744, '000744', '0'),
(745, '000745', '0'),
(746, '000746', '0'),
(747, '000747', '0'),
(748, '000748', '0'),
(749, '000749', '0'),
(750, '000750', '0'),
(751, '000751', '0'),
(752, '000752', '0'),
(753, '000753', '0'),
(754, '000754', '0'),
(755, '000755', '0'),
(756, '000756', '0'),
(757, '000757', '0'),
(758, '000758', '0'),
(759, '000759', '0'),
(760, '000760', '0'),
(761, '000761', '0'),
(762, '000762', '0'),
(763, '000763', '0'),
(764, '000764', '0'),
(765, '000765', '0'),
(766, '000766', '0'),
(767, '000767', '0'),
(768, '000768', '0'),
(769, '000769', '0'),
(770, '000770', '0'),
(771, '000771', '0'),
(772, '000772', '0'),
(773, '000773', '0'),
(774, '000774', '0'),
(775, '000775', '0'),
(776, '000776', '0'),
(777, '000777', '0'),
(778, '000778', '0'),
(779, '000779', '0'),
(780, '000780', '0'),
(781, '000781', '0'),
(782, '000782', '0'),
(783, '000783', '0'),
(784, '000784', '0'),
(785, '000785', '0'),
(786, '000786', '0'),
(787, '000787', '0'),
(788, '000788', '0'),
(789, '000789', '0'),
(790, '000790', '0'),
(791, '000791', '0'),
(792, '000792', '0'),
(793, '000793', '0'),
(794, '000794', '0'),
(795, '000795', '0'),
(796, '000796', '0'),
(797, '000797', '0'),
(798, '000798', '0'),
(799, '000799', '0'),
(800, '000800', '0'),
(801, '000801', '0'),
(802, '000802', '0'),
(803, '000803', '0'),
(804, '000804', '0'),
(805, '000805', '0'),
(806, '000806', '0'),
(807, '000807', '0'),
(808, '000808', '0'),
(809, '000809', '0'),
(810, '000810', '0'),
(811, '000811', '0'),
(812, '000812', '0'),
(813, '000813', '0'),
(814, '000814', '0'),
(815, '000815', '0'),
(816, '000816', '0'),
(817, '000817', '0'),
(818, '000818', '0'),
(819, '000819', '0'),
(820, '000820', '0'),
(821, '000821', '0'),
(822, '000822', '0'),
(823, '000823', '0'),
(824, '000824', '0'),
(825, '000825', '0'),
(826, '000826', '0'),
(827, '000827', '0'),
(828, '000828', '0'),
(829, '000829', '0'),
(830, '000830', '0'),
(831, '000831', '0'),
(832, '000832', '0'),
(833, '000833', '0'),
(834, '000834', '0'),
(835, '000835', '0'),
(836, '000836', '0'),
(837, '000837', '0'),
(838, '000838', '0'),
(839, '000839', '0'),
(840, '000840', '0'),
(841, '000841', '0'),
(842, '000842', '0'),
(843, '000843', '0'),
(844, '000844', '0'),
(845, '000845', '0'),
(846, '000846', '0'),
(847, '000847', '0'),
(848, '000848', '0'),
(849, '000849', '0'),
(850, '000850', '0'),
(851, '000851', '0'),
(852, '000852', '0'),
(853, '000853', '0'),
(854, '000854', '0'),
(855, '000855', '0'),
(856, '000856', '0'),
(857, '000857', '0'),
(858, '000858', '0'),
(859, '000859', '0'),
(860, '000860', '0'),
(861, '000861', '0'),
(862, '000862', '0'),
(863, '000863', '0'),
(864, '000864', '0'),
(865, '000865', '0'),
(866, '000866', '0'),
(867, '000867', '0'),
(868, '000868', '0'),
(869, '000869', '0'),
(870, '000870', '0'),
(871, '000871', '0'),
(872, '000872', '0'),
(873, '000873', '0'),
(874, '000874', '0'),
(875, '000875', '0'),
(876, '000876', '0'),
(877, '000877', '0'),
(878, '000878', '0'),
(879, '000879', '0'),
(880, '000880', '0'),
(881, '000881', '0'),
(882, '000882', '0'),
(883, '000883', '0'),
(884, '000884', '0'),
(885, '000885', '0'),
(886, '000886', '0'),
(887, '000887', '0'),
(888, '000888', '0'),
(889, '000889', '0'),
(890, '000890', '0'),
(891, '000891', '0'),
(892, '000892', '0'),
(893, '000893', '0'),
(894, '000894', '0'),
(895, '000895', '0'),
(896, '000896', '0'),
(897, '000897', '0'),
(898, '000898', '0'),
(899, '000899', '0'),
(900, '000900', '0'),
(901, '000901', '0'),
(902, '000902', '0'),
(903, '000903', '0'),
(904, '000904', '0'),
(905, '000905', '0'),
(906, '000906', '0'),
(907, '000907', '0'),
(908, '000908', '0'),
(909, '000909', '0'),
(910, '000910', '0'),
(911, '000911', '0'),
(912, '000912', '0'),
(913, '000913', '0'),
(914, '000914', '0'),
(915, '000915', '0'),
(916, '000916', '0'),
(917, '000917', '0'),
(918, '000918', '0'),
(919, '000919', '0'),
(920, '000920', '0'),
(921, '000921', '0'),
(922, '000922', '0'),
(923, '000923', '0'),
(924, '000924', '0'),
(925, '000925', '0'),
(926, '000926', '0'),
(927, '000927', '0'),
(928, '000928', '0'),
(929, '000929', '0'),
(930, '000930', '0'),
(931, '000931', '0'),
(932, '000932', '0'),
(933, '000933', '0'),
(934, '000934', '0'),
(935, '000935', '0'),
(936, '000936', '0'),
(937, '000937', '0'),
(938, '000938', '0'),
(939, '000939', '0'),
(940, '000940', '0'),
(941, '000941', '0'),
(942, '000942', '0'),
(943, '000943', '0'),
(944, '000944', '0'),
(945, '000945', '0'),
(946, '000946', '0'),
(947, '000947', '0'),
(948, '000948', '0'),
(949, '000949', '0'),
(950, '000950', '0'),
(951, '000951', '0'),
(952, '000952', '0'),
(953, '000953', '0'),
(954, '000954', '0'),
(955, '000955', '0'),
(956, '000956', '0'),
(957, '000957', '0'),
(958, '000958', '0'),
(959, '000959', '0'),
(960, '000960', '0'),
(961, '000961', '0'),
(962, '000962', '0'),
(963, '000963', '0'),
(964, '000964', '0'),
(965, '000965', '0'),
(966, '000966', '0'),
(967, '000967', '0'),
(968, '000968', '0'),
(969, '000969', '0'),
(970, '000970', '0'),
(971, '000971', '0'),
(972, '000972', '0'),
(973, '000973', '0'),
(974, '000974', '0'),
(975, '000975', '0'),
(976, '000976', '0'),
(977, '000977', '0'),
(978, '000978', '0'),
(979, '000979', '0'),
(980, '000980', '0'),
(981, '000981', '0'),
(982, '000982', '0'),
(983, '000983', '0'),
(984, '000984', '0'),
(985, '000985', '0'),
(986, '000986', '0'),
(987, '000987', '0'),
(988, '000988', '0'),
(989, '000989', '0'),
(990, '000990', '0'),
(991, '000991', '0'),
(992, '000992', '0'),
(993, '000993', '0'),
(994, '000994', '0'),
(995, '000995', '0'),
(996, '000996', '0'),
(997, '000997', '0'),
(998, '000998', '0'),
(999, '000999', '0'),
(1000, '001000', '0'),
(1001, '001001', '0'),
(1002, '001002', '0'),
(1003, '001003', '0'),
(1004, '001004', '0'),
(1005, '001005', '0'),
(1006, '001006', '0'),
(1007, '001007', '0'),
(1008, '001008', '0'),
(1009, '001009', '0'),
(1010, '001010', '0'),
(1011, '001011', '0'),
(1012, '001012', '0'),
(1013, '001013', '0'),
(1014, '001014', '0'),
(1015, '001015', '0'),
(1016, '001016', '0'),
(1017, '001017', '0'),
(1018, '001018', '0'),
(1019, '001019', '0'),
(1020, '001020', '0'),
(1021, '001021', '0'),
(1022, '001022', '0'),
(1023, '001023', '0'),
(1024, '001024', '0'),
(1025, '001025', '0'),
(1026, '001026', '0'),
(1027, '001027', '0'),
(1028, '001028', '0'),
(1029, '001029', '0'),
(1030, '001030', '0'),
(1031, '001031', '0'),
(1032, '001032', '0'),
(1033, '001033', '0'),
(1034, '001034', '0'),
(1035, '001035', '0'),
(1036, '001036', '0'),
(1037, '001037', '0'),
(1038, '001038', '0'),
(1039, '001039', '0'),
(1040, '001040', '0'),
(1041, '001041', '0'),
(1042, '001042', '0'),
(1043, '001043', '0'),
(1044, '001044', '0'),
(1045, '001045', '0'),
(1046, '001046', '0'),
(1047, '001047', '0'),
(1048, '001048', '0'),
(1049, '001049', '0'),
(1050, '001050', '0'),
(1051, '001051', '0'),
(1052, '001052', '0'),
(1053, '001053', '0'),
(1054, '001054', '0'),
(1055, '001055', '0'),
(1056, '001056', '0'),
(1057, '001057', '0'),
(1058, '001058', '0'),
(1059, '001059', '0'),
(1060, '001060', '0'),
(1061, '001061', '0'),
(1062, '001062', '0'),
(1063, '001063', '0'),
(1064, '001064', '0'),
(1065, '001065', '0'),
(1066, '001066', '0'),
(1067, '001067', '0'),
(1068, '001068', '0'),
(1069, '001069', '0'),
(1070, '001070', '0'),
(1071, '001071', '0'),
(1072, '001072', '0'),
(1073, '001073', '0'),
(1074, '001074', '0'),
(1075, '001075', '0'),
(1076, '001076', '0'),
(1077, '001077', '0'),
(1078, '001078', '0'),
(1079, '001079', '0'),
(1080, '001080', '0'),
(1081, '001081', '0'),
(1082, '001082', '0'),
(1083, '001083', '0'),
(1084, '001084', '0'),
(1085, '001085', '0'),
(1086, '001086', '0'),
(1087, '001087', '0'),
(1088, '001088', '0'),
(1089, '001089', '0'),
(1090, '001090', '0'),
(1091, '001091', '0'),
(1092, '001092', '0'),
(1093, '001093', '0'),
(1094, '001094', '0'),
(1095, '001095', '0'),
(1096, '001096', '0'),
(1097, '001097', '0'),
(1098, '001098', '0'),
(1099, '001099', '0'),
(1100, '001100', '0'),
(1101, '001101', '0'),
(1102, '001102', '0'),
(1103, '001103', '0'),
(1104, '001104', '0'),
(1105, '001105', '0'),
(1106, '001106', '0'),
(1107, '001107', '0'),
(1108, '001108', '0'),
(1109, '001109', '0'),
(1110, '001110', '0'),
(1111, '001111', '0'),
(1112, '001112', '0'),
(1113, '001113', '0'),
(1114, '001114', '0'),
(1115, '001115', '0'),
(1116, '001116', '0'),
(1117, '001117', '0'),
(1118, '001118', '0'),
(1119, '001119', '0'),
(1120, '001120', '0'),
(1121, '001121', '0'),
(1122, '001122', '0'),
(1123, '001123', '0'),
(1124, '001124', '0'),
(1125, '001125', '0'),
(1126, '001126', '0'),
(1127, '001127', '0'),
(1128, '001128', '0'),
(1129, '001129', '0'),
(1130, '001130', '0'),
(1131, '001131', '0'),
(1132, '001132', '0'),
(1133, '001133', '0'),
(1134, '001134', '0'),
(1135, '001135', '0'),
(1136, '001136', '0'),
(1137, '001137', '0'),
(1138, '001138', '0'),
(1139, '001139', '0'),
(1140, '001140', '0'),
(1141, '001141', '0'),
(1142, '001142', '0'),
(1143, '001143', '0'),
(1144, '001144', '0'),
(1145, '001145', '0'),
(1146, '001146', '0'),
(1147, '001147', '0'),
(1148, '001148', '0'),
(1149, '001149', '0'),
(1150, '001150', '0'),
(1151, '001151', '0'),
(1152, '001152', '0'),
(1153, '001153', '0'),
(1154, '001154', '0'),
(1155, '001155', '0'),
(1156, '001156', '0'),
(1157, '001157', '0'),
(1158, '001158', '0'),
(1159, '001159', '0'),
(1160, '001160', '0'),
(1161, '001161', '0'),
(1162, '001162', '0'),
(1163, '001163', '0'),
(1164, '001164', '0'),
(1165, '001165', '0'),
(1166, '001166', '0'),
(1167, '001167', '0'),
(1168, '001168', '0'),
(1169, '001169', '0'),
(1170, '001170', '0'),
(1171, '001171', '0'),
(1172, '001172', '0'),
(1173, '001173', '0'),
(1174, '001174', '0'),
(1175, '001175', '0'),
(1176, '001176', '0'),
(1177, '001177', '0'),
(1178, '001178', '0'),
(1179, '001179', '0'),
(1180, '001180', '0'),
(1181, '001181', '0'),
(1182, '001182', '0'),
(1183, '001183', '0'),
(1184, '001184', '0'),
(1185, '001185', '0'),
(1186, '001186', '0'),
(1187, '001187', '0'),
(1188, '001188', '0'),
(1189, '001189', '0'),
(1190, '001190', '0'),
(1191, '001191', '0'),
(1192, '001192', '0'),
(1193, '001193', '0'),
(1194, '001194', '0'),
(1195, '001195', '0'),
(1196, '001196', '0'),
(1197, '001197', '0'),
(1198, '001198', '0'),
(1199, '001199', '0'),
(1200, '001200', '0'),
(1201, '001201', '0'),
(1202, '001202', '0'),
(1203, '001203', '0'),
(1204, '001204', '0'),
(1205, '001205', '0'),
(1206, '001206', '0'),
(1207, '001207', '0'),
(1208, '001208', '0'),
(1209, '001209', '0'),
(1210, '001210', '0'),
(1211, '001211', '0'),
(1212, '001212', '0'),
(1213, '001213', '0'),
(1214, '001214', '0'),
(1215, '001215', '0'),
(1216, '001216', '0'),
(1217, '001217', '0'),
(1218, '001218', '0'),
(1219, '001219', '0'),
(1220, '001220', '0'),
(1221, '001221', '0'),
(1222, '001222', '0'),
(1223, '001223', '0'),
(1224, '001224', '0'),
(1225, '001225', '0'),
(1226, '001226', '0'),
(1227, '001227', '0'),
(1228, '001228', '0'),
(1229, '001229', '0'),
(1230, '001230', '0'),
(1231, '001231', '0'),
(1232, '001232', '0'),
(1233, '001233', '0'),
(1234, '001234', '0'),
(1235, '001235', '0'),
(1236, '001236', '0'),
(1237, '001237', '0'),
(1238, '001238', '0'),
(1239, '001239', '0'),
(1240, '001240', '0'),
(1241, '001241', '0'),
(1242, '001242', '0'),
(1243, '001243', '0'),
(1244, '001244', '0'),
(1245, '001245', '0'),
(1246, '001246', '0'),
(1247, '001247', '0'),
(1248, '001248', '0'),
(1249, '001249', '0'),
(1250, '001250', '0'),
(1251, '001251', '0'),
(1252, '001252', '0'),
(1253, '001253', '0'),
(1254, '001254', '0'),
(1255, '001255', '0'),
(1256, '001256', '0'),
(1257, '001257', '0'),
(1258, '001258', '0'),
(1259, '001259', '0'),
(1260, '001260', '0'),
(1261, '001261', '0'),
(1262, '001262', '0'),
(1263, '001263', '0'),
(1264, '001264', '0'),
(1265, '001265', '0'),
(1266, '001266', '0'),
(1267, '001267', '0'),
(1268, '001268', '0'),
(1269, '001269', '0'),
(1270, '001270', '0'),
(1271, '001271', '0'),
(1272, '001272', '0'),
(1273, '001273', '0'),
(1274, '001274', '0'),
(1275, '001275', '0'),
(1276, '001276', '0'),
(1277, '001277', '0'),
(1278, '001278', '0'),
(1279, '001279', '0'),
(1280, '001280', '0'),
(1281, '001281', '0'),
(1282, '001282', '0'),
(1283, '001283', '0'),
(1284, '001284', '0'),
(1285, '001285', '0'),
(1286, '001286', '0'),
(1287, '001287', '0'),
(1288, '001288', '0'),
(1289, '001289', '0'),
(1290, '001290', '0'),
(1291, '001291', '0'),
(1292, '001292', '0'),
(1293, '001293', '0'),
(1294, '001294', '0'),
(1295, '001295', '0'),
(1296, '001296', '0'),
(1297, '001297', '0'),
(1298, '001298', '0'),
(1299, '001299', '0'),
(1300, '001300', '0'),
(1301, '001301', '0'),
(1302, '001302', '0'),
(1303, '001303', '0'),
(1304, '001304', '0'),
(1305, '001305', '0'),
(1306, '001306', '0'),
(1307, '001307', '0'),
(1308, '001308', '0'),
(1309, '001309', '0'),
(1310, '001310', '0'),
(1311, '001311', '0'),
(1312, '001312', '0'),
(1313, '001313', '0'),
(1314, '001314', '0'),
(1315, '001315', '0'),
(1316, '001316', '0'),
(1317, '001317', '0'),
(1318, '001318', '0'),
(1319, '001319', '0'),
(1320, '001320', '0'),
(1321, '001321', '0'),
(1322, '001322', '0'),
(1323, '001323', '0'),
(1324, '001324', '0'),
(1325, '001325', '0'),
(1326, '001326', '0'),
(1327, '001327', '0'),
(1328, '001328', '0'),
(1329, '001329', '0'),
(1330, '001330', '0'),
(1331, '001331', '0'),
(1332, '001332', '0'),
(1333, '001333', '0'),
(1334, '001334', '0'),
(1335, '001335', '0'),
(1336, '001336', '0'),
(1337, '001337', '0'),
(1338, '001338', '0'),
(1339, '001339', '0'),
(1340, '001340', '0'),
(1341, '001341', '0'),
(1342, '001342', '0'),
(1343, '001343', '0'),
(1344, '001344', '0'),
(1345, '001345', '0'),
(1346, '001346', '0'),
(1347, '001347', '0'),
(1348, '001348', '0'),
(1349, '001349', '0'),
(1350, '001350', '0'),
(1351, '001351', '0'),
(1352, '001352', '0'),
(1353, '001353', '0'),
(1354, '001354', '0'),
(1355, '001355', '0'),
(1356, '001356', '0'),
(1357, '001357', '0'),
(1358, '001358', '0'),
(1359, '001359', '0'),
(1360, '001360', '0'),
(1361, '001361', '0'),
(1362, '001362', '0'),
(1363, '001363', '0'),
(1364, '001364', '0'),
(1365, '001365', '0'),
(1366, '001366', '0'),
(1367, '001367', '0'),
(1368, '001368', '0'),
(1369, '001369', '0'),
(1370, '001370', '0'),
(1371, '001371', '0'),
(1372, '001372', '0'),
(1373, '001373', '0'),
(1374, '001374', '0'),
(1375, '001375', '0'),
(1376, '001376', '0'),
(1377, '001377', '0'),
(1378, '001378', '0'),
(1379, '001379', '0'),
(1380, '001380', '0'),
(1381, '001381', '0'),
(1382, '001382', '0'),
(1383, '001383', '0'),
(1384, '001384', '0'),
(1385, '001385', '0'),
(1386, '001386', '0'),
(1387, '001387', '0'),
(1388, '001388', '0'),
(1389, '001389', '0'),
(1390, '001390', '0'),
(1391, '001391', '0'),
(1392, '001392', '0'),
(1393, '001393', '0'),
(1394, '001394', '0'),
(1395, '001395', '0'),
(1396, '001396', '0'),
(1397, '001397', '0'),
(1398, '001398', '0'),
(1399, '001399', '0'),
(1400, '001400', '0'),
(1401, '001401', '0'),
(1402, '001402', '0'),
(1403, '001403', '0'),
(1404, '001404', '0'),
(1405, '001405', '0'),
(1406, '001406', '0'),
(1407, '001407', '0'),
(1408, '001408', '0'),
(1409, '001409', '0'),
(1410, '001410', '0'),
(1411, '001411', '0'),
(1412, '001412', '0'),
(1413, '001413', '0'),
(1414, '001414', '0'),
(1415, '001415', '0'),
(1416, '001416', '0'),
(1417, '001417', '0'),
(1418, '001418', '0'),
(1419, '001419', '0'),
(1420, '001420', '0'),
(1421, '001421', '0'),
(1422, '001422', '0'),
(1423, '001423', '0'),
(1424, '001424', '0'),
(1425, '001425', '0'),
(1426, '001426', '0'),
(1427, '001427', '0'),
(1428, '001428', '0'),
(1429, '001429', '0'),
(1430, '001430', '0'),
(1431, '001431', '0'),
(1432, '001432', '0'),
(1433, '001433', '0'),
(1434, '001434', '0'),
(1435, '001435', '0'),
(1436, '001436', '0'),
(1437, '001437', '0'),
(1438, '001438', '0'),
(1439, '001439', '0'),
(1440, '001440', '0'),
(1441, '001441', '0'),
(1442, '001442', '0'),
(1443, '001443', '0'),
(1444, '001444', '0'),
(1445, '001445', '0'),
(1446, '001446', '0'),
(1447, '001447', '0'),
(1448, '001448', '0'),
(1449, '001449', '0'),
(1450, '001450', '0'),
(1451, '001451', '0'),
(1452, '001452', '0'),
(1453, '001453', '0'),
(1454, '001454', '0'),
(1455, '001455', '0'),
(1456, '001456', '0'),
(1457, '001457', '0'),
(1458, '001458', '0'),
(1459, '001459', '0'),
(1460, '001460', '0'),
(1461, '001461', '0'),
(1462, '001462', '0'),
(1463, '001463', '0'),
(1464, '001464', '0'),
(1465, '001465', '0'),
(1466, '001466', '0'),
(1467, '001467', '0'),
(1468, '001468', '0'),
(1469, '001469', '0'),
(1470, '001470', '0'),
(1471, '001471', '0'),
(1472, '001472', '0'),
(1473, '001473', '0'),
(1474, '001474', '0'),
(1475, '001475', '0'),
(1476, '001476', '0'),
(1477, '001477', '0'),
(1478, '001478', '0'),
(1479, '001479', '0'),
(1480, '001480', '0'),
(1481, '001481', '0'),
(1482, '001482', '0'),
(1483, '001483', '0'),
(1484, '001484', '0'),
(1485, '001485', '0'),
(1486, '001486', '0'),
(1487, '001487', '0'),
(1488, '001488', '0'),
(1489, '001489', '0'),
(1490, '001490', '0'),
(1491, '001491', '0'),
(1492, '001492', '0'),
(1493, '001493', '0'),
(1494, '001494', '0'),
(1495, '001495', '0'),
(1496, '001496', '0'),
(1497, '001497', '0'),
(1498, '001498', '0'),
(1499, '001499', '0'),
(1500, '001500', '0'),
(1501, '001501', '0'),
(1502, '001502', '0'),
(1503, '001503', '0'),
(1504, '001504', '0'),
(1505, '001505', '0'),
(1506, '001506', '0'),
(1507, '001507', '0'),
(1508, '001508', '0'),
(1509, '001509', '0'),
(1510, '001510', '0'),
(1511, '001511', '0'),
(1512, '001512', '0'),
(1513, '001513', '0'),
(1514, '001514', '0'),
(1515, '001515', '0'),
(1516, '001516', '0'),
(1517, '001517', '0'),
(1518, '001518', '0'),
(1519, '001519', '0'),
(1520, '001520', '0'),
(1521, '001521', '0'),
(1522, '001522', '0'),
(1523, '001523', '0'),
(1524, '001524', '0'),
(1525, '001525', '0'),
(1526, '001526', '0'),
(1527, '001527', '0'),
(1528, '001528', '0'),
(1529, '001529', '0'),
(1530, '001530', '0'),
(1531, '001531', '0'),
(1532, '001532', '0'),
(1533, '001533', '0'),
(1534, '001534', '0'),
(1535, '001535', '0'),
(1536, '001536', '0'),
(1537, '001537', '0'),
(1538, '001538', '0'),
(1539, '001539', '0'),
(1540, '001540', '0'),
(1541, '001541', '0'),
(1542, '001542', '0'),
(1543, '001543', '0'),
(1544, '001544', '0'),
(1545, '001545', '0'),
(1546, '001546', '0'),
(1547, '001547', '0'),
(1548, '001548', '0'),
(1549, '001549', '0'),
(1550, '001550', '0'),
(1551, '001551', '0'),
(1552, '001552', '0'),
(1553, '001553', '0'),
(1554, '001554', '0'),
(1555, '001555', '0'),
(1556, '001556', '0'),
(1557, '001557', '0'),
(1558, '001558', '0'),
(1559, '001559', '0'),
(1560, '001560', '0'),
(1561, '001561', '0'),
(1562, '001562', '0'),
(1563, '001563', '0'),
(1564, '001564', '0'),
(1565, '001565', '0'),
(1566, '001566', '0'),
(1567, '001567', '0'),
(1568, '001568', '0'),
(1569, '001569', '0'),
(1570, '001570', '0'),
(1571, '001571', '0'),
(1572, '001572', '0'),
(1573, '001573', '0'),
(1574, '001574', '0'),
(1575, '001575', '0'),
(1576, '001576', '0'),
(1577, '001577', '0'),
(1578, '001578', '0'),
(1579, '001579', '0'),
(1580, '001580', '0'),
(1581, '001581', '0'),
(1582, '001582', '0'),
(1583, '001583', '0'),
(1584, '001584', '0'),
(1585, '001585', '0'),
(1586, '001586', '0'),
(1587, '001587', '0'),
(1588, '001588', '0'),
(1589, '001589', '0'),
(1590, '001590', '0'),
(1591, '001591', '0'),
(1592, '001592', '0'),
(1593, '001593', '0'),
(1594, '001594', '0'),
(1595, '001595', '0'),
(1596, '001596', '0'),
(1597, '001597', '0'),
(1598, '001598', '0'),
(1599, '001599', '0'),
(1600, '001600', '0'),
(1601, '001601', '0'),
(1602, '001602', '0'),
(1603, '001603', '0'),
(1604, '001604', '0'),
(1605, '001605', '0'),
(1606, '001606', '0'),
(1607, '001607', '0'),
(1608, '001608', '0'),
(1609, '001609', '0'),
(1610, '001610', '0'),
(1611, '001611', '0'),
(1612, '001612', '0'),
(1613, '001613', '0'),
(1614, '001614', '0'),
(1615, '001615', '0'),
(1616, '001616', '0'),
(1617, '001617', '0'),
(1618, '001618', '0'),
(1619, '001619', '0'),
(1620, '001620', '0'),
(1621, '001621', '0'),
(1622, '001622', '0'),
(1623, '001623', '0'),
(1624, '001624', '0'),
(1625, '001625', '0'),
(1626, '001626', '0'),
(1627, '001627', '0'),
(1628, '001628', '0'),
(1629, '001629', '0'),
(1630, '001630', '0'),
(1631, '001631', '0'),
(1632, '001632', '0'),
(1633, '001633', '0'),
(1634, '001634', '0'),
(1635, '001635', '0'),
(1636, '001636', '0'),
(1637, '001637', '0'),
(1638, '001638', '0'),
(1639, '001639', '0'),
(1640, '001640', '0'),
(1641, '001641', '0'),
(1642, '001642', '0'),
(1643, '001643', '0'),
(1644, '001644', '0'),
(1645, '001645', '0'),
(1646, '001646', '0'),
(1647, '001647', '0'),
(1648, '001648', '0'),
(1649, '001649', '0'),
(1650, '001650', '0'),
(1651, '001651', '0'),
(1652, '001652', '0'),
(1653, '001653', '0'),
(1654, '001654', '0'),
(1655, '001655', '0'),
(1656, '001656', '0'),
(1657, '001657', '0'),
(1658, '001658', '0'),
(1659, '001659', '0'),
(1660, '001660', '0'),
(1661, '001661', '0'),
(1662, '001662', '0'),
(1663, '001663', '0'),
(1664, '001664', '0'),
(1665, '001665', '0'),
(1666, '001666', '0'),
(1667, '001667', '0'),
(1668, '001668', '0'),
(1669, '001669', '0'),
(1670, '001670', '0'),
(1671, '001671', '0'),
(1672, '001672', '0'),
(1673, '001673', '0'),
(1674, '001674', '0'),
(1675, '001675', '0'),
(1676, '001676', '0'),
(1677, '001677', '0'),
(1678, '001678', '0'),
(1679, '001679', '0'),
(1680, '001680', '0'),
(1681, '001681', '0'),
(1682, '001682', '0'),
(1683, '001683', '0'),
(1684, '001684', '0'),
(1685, '001685', '0'),
(1686, '001686', '0'),
(1687, '001687', '0'),
(1688, '001688', '0'),
(1689, '001689', '0'),
(1690, '001690', '0'),
(1691, '001691', '0'),
(1692, '001692', '0'),
(1693, '001693', '0'),
(1694, '001694', '0'),
(1695, '001695', '0'),
(1696, '001696', '0'),
(1697, '001697', '0'),
(1698, '001698', '0'),
(1699, '001699', '0'),
(1700, '001700', '0'),
(1701, '001701', '0'),
(1702, '001702', '0'),
(1703, '001703', '0'),
(1704, '001704', '0'),
(1705, '001705', '0'),
(1706, '001706', '0'),
(1707, '001707', '0'),
(1708, '001708', '0'),
(1709, '001709', '0'),
(1710, '001710', '0'),
(1711, '001711', '0'),
(1712, '001712', '0'),
(1713, '001713', '0'),
(1714, '001714', '0'),
(1715, '001715', '0'),
(1716, '001716', '0'),
(1717, '001717', '0'),
(1718, '001718', '0'),
(1719, '001719', '0'),
(1720, '001720', '0'),
(1721, '001721', '0'),
(1722, '001722', '0'),
(1723, '001723', '0'),
(1724, '001724', '0'),
(1725, '001725', '0'),
(1726, '001726', '0'),
(1727, '001727', '0'),
(1728, '001728', '0'),
(1729, '001729', '0'),
(1730, '001730', '0'),
(1731, '001731', '0'),
(1732, '001732', '0'),
(1733, '001733', '0'),
(1734, '001734', '0'),
(1735, '001735', '0'),
(1736, '001736', '0'),
(1737, '001737', '0'),
(1738, '001738', '0'),
(1739, '001739', '0'),
(1740, '001740', '0'),
(1741, '001741', '0'),
(1742, '001742', '0'),
(1743, '001743', '0'),
(1744, '001744', '0'),
(1745, '001745', '0'),
(1746, '001746', '0'),
(1747, '001747', '0'),
(1748, '001748', '0'),
(1749, '001749', '0'),
(1750, '001750', '0'),
(1751, '001751', '0'),
(1752, '001752', '0'),
(1753, '001753', '0'),
(1754, '001754', '0'),
(1755, '001755', '0'),
(1756, '001756', '0'),
(1757, '001757', '0'),
(1758, '001758', '0'),
(1759, '001759', '0'),
(1760, '001760', '0'),
(1761, '001761', '0'),
(1762, '001762', '0'),
(1763, '001763', '0'),
(1764, '001764', '0'),
(1765, '001765', '0'),
(1766, '001766', '0'),
(1767, '001767', '0'),
(1768, '001768', '0'),
(1769, '001769', '0'),
(1770, '001770', '0'),
(1771, '001771', '0'),
(1772, '001772', '0'),
(1773, '001773', '0'),
(1774, '001774', '0'),
(1775, '001775', '0'),
(1776, '001776', '0'),
(1777, '001777', '0'),
(1778, '001778', '0'),
(1779, '001779', '0'),
(1780, '001780', '0'),
(1781, '001781', '0'),
(1782, '001782', '0'),
(1783, '001783', '0'),
(1784, '001784', '0'),
(1785, '001785', '0'),
(1786, '001786', '0'),
(1787, '001787', '0'),
(1788, '001788', '0'),
(1789, '001789', '0'),
(1790, '001790', '0'),
(1791, '001791', '0'),
(1792, '001792', '0'),
(1793, '001793', '0'),
(1794, '001794', '0'),
(1795, '001795', '0'),
(1796, '001796', '0'),
(1797, '001797', '0'),
(1798, '001798', '0'),
(1799, '001799', '0'),
(1800, '001800', '0'),
(1801, '001801', '0'),
(1802, '001802', '0'),
(1803, '001803', '0'),
(1804, '001804', '0'),
(1805, '001805', '0'),
(1806, '001806', '0'),
(1807, '001807', '0'),
(1808, '001808', '0'),
(1809, '001809', '0'),
(1810, '001810', '0'),
(1811, '001811', '0'),
(1812, '001812', '0'),
(1813, '001813', '0'),
(1814, '001814', '0'),
(1815, '001815', '0'),
(1816, '001816', '0'),
(1817, '001817', '0'),
(1818, '001818', '0'),
(1819, '001819', '0'),
(1820, '001820', '0'),
(1821, '001821', '0'),
(1822, '001822', '0'),
(1823, '001823', '0'),
(1824, '001824', '0'),
(1825, '001825', '0'),
(1826, '001826', '0'),
(1827, '001827', '0'),
(1828, '001828', '0'),
(1829, '001829', '0'),
(1830, '001830', '0'),
(1831, '001831', '0'),
(1832, '001832', '0'),
(1833, '001833', '0'),
(1834, '001834', '0'),
(1835, '001835', '0'),
(1836, '001836', '0'),
(1837, '001837', '0'),
(1838, '001838', '0'),
(1839, '001839', '0'),
(1840, '001840', '0'),
(1841, '001841', '0'),
(1842, '001842', '0'),
(1843, '001843', '0'),
(1844, '001844', '0'),
(1845, '001845', '0'),
(1846, '001846', '0'),
(1847, '001847', '0'),
(1848, '001848', '0'),
(1849, '001849', '0'),
(1850, '001850', '0'),
(1851, '001851', '0'),
(1852, '001852', '0'),
(1853, '001853', '0'),
(1854, '001854', '0'),
(1855, '001855', '0'),
(1856, '001856', '0'),
(1857, '001857', '0'),
(1858, '001858', '0'),
(1859, '001859', '0'),
(1860, '001860', '0'),
(1861, '001861', '0'),
(1862, '001862', '0'),
(1863, '001863', '0'),
(1864, '001864', '0'),
(1865, '001865', '0'),
(1866, '001866', '0'),
(1867, '001867', '0'),
(1868, '001868', '0'),
(1869, '001869', '0'),
(1870, '001870', '0'),
(1871, '001871', '0'),
(1872, '001872', '0'),
(1873, '001873', '0'),
(1874, '001874', '0'),
(1875, '001875', '0'),
(1876, '001876', '0'),
(1877, '001877', '0'),
(1878, '001878', '0'),
(1879, '001879', '0'),
(1880, '001880', '0'),
(1881, '001881', '0'),
(1882, '001882', '0'),
(1883, '001883', '0'),
(1884, '001884', '0'),
(1885, '001885', '0'),
(1886, '001886', '0'),
(1887, '001887', '0'),
(1888, '001888', '0'),
(1889, '001889', '0'),
(1890, '001890', '0'),
(1891, '001891', '0'),
(1892, '001892', '0'),
(1893, '001893', '0'),
(1894, '001894', '0'),
(1895, '001895', '0'),
(1896, '001896', '0'),
(1897, '001897', '0'),
(1898, '001898', '0'),
(1899, '001899', '0'),
(1900, '001900', '0'),
(1901, '001901', '0'),
(1902, '001902', '0'),
(1903, '001903', '0'),
(1904, '001904', '0'),
(1905, '001905', '0'),
(1906, '001906', '0'),
(1907, '001907', '0'),
(1908, '001908', '0'),
(1909, '001909', '0'),
(1910, '001910', '0'),
(1911, '001911', '0'),
(1912, '001912', '0'),
(1913, '001913', '0'),
(1914, '001914', '0'),
(1915, '001915', '0'),
(1916, '001916', '0'),
(1917, '001917', '0'),
(1918, '001918', '0'),
(1919, '001919', '0'),
(1920, '001920', '0'),
(1921, '001921', '0'),
(1922, '001922', '0'),
(1923, '001923', '0'),
(1924, '001924', '0'),
(1925, '001925', '0'),
(1926, '001926', '0'),
(1927, '001927', '0'),
(1928, '001928', '0'),
(1929, '001929', '0'),
(1930, '001930', '0'),
(1931, '001931', '0'),
(1932, '001932', '0'),
(1933, '001933', '0'),
(1934, '001934', '0'),
(1935, '001935', '0'),
(1936, '001936', '0'),
(1937, '001937', '0'),
(1938, '001938', '0'),
(1939, '001939', '0'),
(1940, '001940', '0'),
(1941, '001941', '0'),
(1942, '001942', '0'),
(1943, '001943', '0'),
(1944, '001944', '0'),
(1945, '001945', '0'),
(1946, '001946', '0'),
(1947, '001947', '0'),
(1948, '001948', '0'),
(1949, '001949', '0'),
(1950, '001950', '0'),
(1951, '001951', '0'),
(1952, '001952', '0'),
(1953, '001953', '0'),
(1954, '001954', '0'),
(1955, '001955', '0'),
(1956, '001956', '0'),
(1957, '001957', '0'),
(1958, '001958', '0'),
(1959, '001959', '0'),
(1960, '001960', '0'),
(1961, '001961', '0'),
(1962, '001962', '0'),
(1963, '001963', '0'),
(1964, '001964', '0'),
(1965, '001965', '0'),
(1966, '001966', '0'),
(1967, '001967', '0'),
(1968, '001968', '0'),
(1969, '001969', '0'),
(1970, '001970', '0'),
(1971, '001971', '0'),
(1972, '001972', '0'),
(1973, '001973', '0'),
(1974, '001974', '0'),
(1975, '001975', '0'),
(1976, '001976', '0'),
(1977, '001977', '0'),
(1978, '001978', '0'),
(1979, '001979', '0'),
(1980, '001980', '0'),
(1981, '001981', '0'),
(1982, '001982', '0'),
(1983, '001983', '0'),
(1984, '001984', '0'),
(1985, '001985', '0'),
(1986, '001986', '0'),
(1987, '001987', '0'),
(1988, '001988', '0'),
(1989, '001989', '0'),
(1990, '001990', '0'),
(1991, '001991', '0'),
(1992, '001992', '0'),
(1993, '001993', '0'),
(1994, '001994', '0'),
(1995, '001995', '0'),
(1996, '001996', '0'),
(1997, '001997', '0'),
(1998, '001998', '0'),
(1999, '001999', '0'),
(2000, '002000', '0'),
(2001, '002001', '0'),
(2002, '002002', '0'),
(2003, '002003', '0'),
(2004, '002004', '0'),
(2005, '002005', '0'),
(2006, '002006', '0'),
(2007, '002007', '0'),
(2008, '002008', '0'),
(2009, '002009', '0'),
(2010, '002010', '0'),
(2011, '002011', '0'),
(2012, '002012', '0'),
(2013, '002013', '0'),
(2014, '002014', '0'),
(2015, '002015', '0'),
(2016, '002016', '0'),
(2017, '002017', '0'),
(2018, '002018', '0'),
(2019, '002019', '0'),
(2020, '002020', '0'),
(2021, '002021', '0'),
(2022, '002022', '0'),
(2023, '002023', '0'),
(2024, '002024', '0'),
(2025, '002025', '0'),
(2026, '002026', '0'),
(2027, '002027', '0'),
(2028, '002028', '0'),
(2029, '002029', '0'),
(2030, '002030', '0'),
(2031, '002031', '0'),
(2032, '002032', '0'),
(2033, '002033', '0'),
(2034, '002034', '0'),
(2035, '002035', '0'),
(2036, '002036', '0'),
(2037, '002037', '0'),
(2038, '002038', '0'),
(2039, '002039', '0'),
(2040, '002040', '0'),
(2041, '002041', '0'),
(2042, '002042', '0'),
(2043, '002043', '0'),
(2044, '002044', '0'),
(2045, '002045', '0'),
(2046, '002046', '0'),
(2047, '002047', '0'),
(2048, '002048', '0'),
(2049, '002049', '0'),
(2050, '002050', '0'),
(2051, '002051', '0'),
(2052, '002052', '0'),
(2053, '002053', '0'),
(2054, '002054', '0'),
(2055, '002055', '0'),
(2056, '002056', '0'),
(2057, '002057', '0'),
(2058, '002058', '0'),
(2059, '002059', '0'),
(2060, '002060', '0'),
(2061, '002061', '0'),
(2062, '002062', '0'),
(2063, '002063', '0'),
(2064, '002064', '0'),
(2065, '002065', '0'),
(2066, '002066', '0'),
(2067, '002067', '0'),
(2068, '002068', '0'),
(2069, '002069', '0'),
(2070, '002070', '0'),
(2071, '002071', '0'),
(2072, '002072', '0'),
(2073, '002073', '0'),
(2074, '002074', '0'),
(2075, '002075', '0'),
(2076, '002076', '0'),
(2077, '002077', '0'),
(2078, '002078', '0'),
(2079, '002079', '0'),
(2080, '002080', '0'),
(2081, '002081', '0'),
(2082, '002082', '0'),
(2083, '002083', '0'),
(2084, '002084', '0'),
(2085, '002085', '0'),
(2086, '002086', '0'),
(2087, '002087', '0'),
(2088, '002088', '0'),
(2089, '002089', '0'),
(2090, '002090', '0'),
(2091, '002091', '0'),
(2092, '002092', '0'),
(2093, '002093', '0'),
(2094, '002094', '0'),
(2095, '002095', '0'),
(2096, '002096', '0'),
(2097, '002097', '0'),
(2098, '002098', '0'),
(2099, '002099', '0'),
(2100, '002100', '0'),
(2101, '002101', '0'),
(2102, '002102', '0'),
(2103, '002103', '0'),
(2104, '002104', '0'),
(2105, '002105', '0'),
(2106, '002106', '0'),
(2107, '002107', '0'),
(2108, '002108', '0'),
(2109, '002109', '0'),
(2110, '002110', '0'),
(2111, '002111', '0'),
(2112, '002112', '0'),
(2113, '002113', '0'),
(2114, '002114', '0'),
(2115, '002115', '0'),
(2116, '002116', '0'),
(2117, '002117', '0'),
(2118, '002118', '0'),
(2119, '002119', '0'),
(2120, '002120', '0'),
(2121, '002121', '0'),
(2122, '002122', '0'),
(2123, '002123', '0'),
(2124, '002124', '0'),
(2125, '002125', '0'),
(2126, '002126', '0'),
(2127, '002127', '0'),
(2128, '002128', '0'),
(2129, '002129', '0'),
(2130, '002130', '0'),
(2131, '002131', '0'),
(2132, '002132', '0'),
(2133, '002133', '0'),
(2134, '002134', '0'),
(2135, '002135', '0'),
(2136, '002136', '0'),
(2137, '002137', '0'),
(2138, '002138', '0'),
(2139, '002139', '0'),
(2140, '002140', '0'),
(2141, '002141', '0'),
(2142, '002142', '0'),
(2143, '002143', '0'),
(2144, '002144', '0'),
(2145, '002145', '0'),
(2146, '002146', '0'),
(2147, '002147', '0'),
(2148, '002148', '0'),
(2149, '002149', '0'),
(2150, '002150', '0'),
(2151, '002151', '0'),
(2152, '002152', '0'),
(2153, '002153', '0'),
(2154, '002154', '0'),
(2155, '002155', '0'),
(2156, '002156', '0'),
(2157, '002157', '0'),
(2158, '002158', '0'),
(2159, '002159', '0'),
(2160, '002160', '0'),
(2161, '002161', '0'),
(2162, '002162', '0'),
(2163, '002163', '0'),
(2164, '002164', '0'),
(2165, '002165', '0'),
(2166, '002166', '0'),
(2167, '002167', '0'),
(2168, '002168', '0'),
(2169, '002169', '0'),
(2170, '002170', '0'),
(2171, '002171', '0'),
(2172, '002172', '0'),
(2173, '002173', '0'),
(2174, '002174', '0'),
(2175, '002175', '0'),
(2176, '002176', '0'),
(2177, '002177', '0'),
(2178, '002178', '0'),
(2179, '002179', '0'),
(2180, '002180', '0'),
(2181, '002181', '0'),
(2182, '002182', '0'),
(2183, '002183', '0'),
(2184, '002184', '0'),
(2185, '002185', '0'),
(2186, '002186', '0'),
(2187, '002187', '0'),
(2188, '002188', '0'),
(2189, '002189', '0'),
(2190, '002190', '0'),
(2191, '002191', '0'),
(2192, '002192', '0'),
(2193, '002193', '0'),
(2194, '002194', '0'),
(2195, '002195', '0'),
(2196, '002196', '0'),
(2197, '002197', '0'),
(2198, '002198', '0'),
(2199, '002199', '0'),
(2200, '002200', '0'),
(2201, '002201', '0'),
(2202, '002202', '0'),
(2203, '002203', '0'),
(2204, '002204', '0'),
(2205, '002205', '0'),
(2206, '002206', '0'),
(2207, '002207', '0'),
(2208, '002208', '0'),
(2209, '002209', '0'),
(2210, '002210', '0'),
(2211, '002211', '0'),
(2212, '002212', '0'),
(2213, '002213', '0'),
(2214, '002214', '0'),
(2215, '002215', '0'),
(2216, '002216', '0'),
(2217, '002217', '0'),
(2218, '002218', '0'),
(2219, '002219', '0'),
(2220, '002220', '0'),
(2221, '002221', '0'),
(2222, '002222', '0'),
(2223, '002223', '0'),
(2224, '002224', '0'),
(2225, '002225', '0'),
(2226, '002226', '0'),
(2227, '002227', '0'),
(2228, '002228', '0'),
(2229, '002229', '0'),
(2230, '002230', '0'),
(2231, '002231', '0'),
(2232, '002232', '0'),
(2233, '002233', '0'),
(2234, '002234', '0'),
(2235, '002235', '0'),
(2236, '002236', '0'),
(2237, '002237', '0'),
(2238, '002238', '0'),
(2239, '002239', '0'),
(2240, '002240', '0'),
(2241, '002241', '0'),
(2242, '002242', '0'),
(2243, '002243', '0'),
(2244, '002244', '0'),
(2245, '002245', '0'),
(2246, '002246', '0'),
(2247, '002247', '0'),
(2248, '002248', '0'),
(2249, '002249', '0'),
(2250, '002250', '0'),
(2251, '002251', '0'),
(2252, '002252', '0'),
(2253, '002253', '0'),
(2254, '002254', '0'),
(2255, '002255', '0'),
(2256, '002256', '0'),
(2257, '002257', '0'),
(2258, '002258', '0'),
(2259, '002259', '0'),
(2260, '002260', '0'),
(2261, '002261', '0'),
(2262, '002262', '0'),
(2263, '002263', '0'),
(2264, '002264', '0'),
(2265, '002265', '0'),
(2266, '002266', '0'),
(2267, '002267', '0'),
(2268, '002268', '0'),
(2269, '002269', '0'),
(2270, '002270', '0'),
(2271, '002271', '0'),
(2272, '002272', '0'),
(2273, '002273', '0'),
(2274, '002274', '0'),
(2275, '002275', '0'),
(2276, '002276', '0'),
(2277, '002277', '0'),
(2278, '002278', '0'),
(2279, '002279', '0'),
(2280, '002280', '0'),
(2281, '002281', '0'),
(2282, '002282', '0'),
(2283, '002283', '0'),
(2284, '002284', '0'),
(2285, '002285', '0'),
(2286, '002286', '0'),
(2287, '002287', '0'),
(2288, '002288', '0'),
(2289, '002289', '0'),
(2290, '002290', '0'),
(2291, '002291', '0'),
(2292, '002292', '0'),
(2293, '002293', '0'),
(2294, '002294', '0'),
(2295, '002295', '0'),
(2296, '002296', '0'),
(2297, '002297', '0'),
(2298, '002298', '0'),
(2299, '002299', '0'),
(2300, '002300', '0'),
(2301, '002301', '0'),
(2302, '002302', '0'),
(2303, '002303', '0'),
(2304, '002304', '0'),
(2305, '002305', '0'),
(2306, '002306', '0'),
(2307, '002307', '0'),
(2308, '002308', '0'),
(2309, '002309', '0'),
(2310, '002310', '0'),
(2311, '002311', '0'),
(2312, '002312', '0'),
(2313, '002313', '0'),
(2314, '002314', '0'),
(2315, '002315', '0'),
(2316, '002316', '0'),
(2317, '002317', '0'),
(2318, '002318', '0'),
(2319, '002319', '0'),
(2320, '002320', '0'),
(2321, '002321', '0'),
(2322, '002322', '0'),
(2323, '002323', '0'),
(2324, '002324', '0'),
(2325, '002325', '0'),
(2326, '002326', '0'),
(2327, '002327', '0'),
(2328, '002328', '0'),
(2329, '002329', '0'),
(2330, '002330', '0'),
(2331, '002331', '0'),
(2332, '002332', '0'),
(2333, '002333', '0'),
(2334, '002334', '0'),
(2335, '002335', '0'),
(2336, '002336', '0'),
(2337, '002337', '0'),
(2338, '002338', '0'),
(2339, '002339', '0'),
(2340, '002340', '0'),
(2341, '002341', '0'),
(2342, '002342', '0'),
(2343, '002343', '0'),
(2344, '002344', '0'),
(2345, '002345', '0'),
(2346, '002346', '0'),
(2347, '002347', '0'),
(2348, '002348', '0'),
(2349, '002349', '0'),
(2350, '002350', '0'),
(2351, '002351', '0'),
(2352, '002352', '0'),
(2353, '002353', '0'),
(2354, '002354', '0'),
(2355, '002355', '0'),
(2356, '002356', '0'),
(2357, '002357', '0'),
(2358, '002358', '0'),
(2359, '002359', '0'),
(2360, '002360', '0'),
(2361, '002361', '0'),
(2362, '002362', '0'),
(2363, '002363', '0'),
(2364, '002364', '0'),
(2365, '002365', '0'),
(2366, '002366', '0'),
(2367, '002367', '0'),
(2368, '002368', '0'),
(2369, '002369', '0'),
(2370, '002370', '0'),
(2371, '002371', '0'),
(2372, '002372', '0'),
(2373, '002373', '0'),
(2374, '002374', '0'),
(2375, '002375', '0'),
(2376, '002376', '0'),
(2377, '002377', '0'),
(2378, '002378', '0'),
(2379, '002379', '0'),
(2380, '002380', '0'),
(2381, '002381', '0'),
(2382, '002382', '0'),
(2383, '002383', '0'),
(2384, '002384', '0'),
(2385, '002385', '0'),
(2386, '002386', '0'),
(2387, '002387', '0'),
(2388, '002388', '0'),
(2389, '002389', '0'),
(2390, '002390', '0'),
(2391, '002391', '0'),
(2392, '002392', '0'),
(2393, '002393', '0'),
(2394, '002394', '0'),
(2395, '002395', '0'),
(2396, '002396', '0'),
(2397, '002397', '0'),
(2398, '002398', '0'),
(2399, '002399', '0'),
(2400, '002400', '0'),
(2401, '002401', '0'),
(2402, '002402', '0'),
(2403, '002403', '0'),
(2404, '002404', '0'),
(2405, '002405', '0'),
(2406, '002406', '0'),
(2407, '002407', '0'),
(2408, '002408', '0'),
(2409, '002409', '0'),
(2410, '002410', '0'),
(2411, '002411', '0'),
(2412, '002412', '0'),
(2413, '002413', '0'),
(2414, '002414', '0'),
(2415, '002415', '0'),
(2416, '002416', '0'),
(2417, '002417', '0'),
(2418, '002418', '0'),
(2419, '002419', '0'),
(2420, '002420', '0'),
(2421, '002421', '0'),
(2422, '002422', '0'),
(2423, '002423', '0'),
(2424, '002424', '0'),
(2425, '002425', '0'),
(2426, '002426', '0'),
(2427, '002427', '0'),
(2428, '002428', '0'),
(2429, '002429', '0');
INSERT INTO `potential_card_numbers` (`id`, `potential_numbers`, `usages`) VALUES
(2430, '002430', '0'),
(2431, '002431', '0'),
(2432, '002432', '0'),
(2433, '002433', '0'),
(2434, '002434', '0'),
(2435, '002435', '0'),
(2436, '002436', '0'),
(2437, '002437', '0'),
(2438, '002438', '0'),
(2439, '002439', '0'),
(2440, '002440', '0'),
(2441, '002441', '0'),
(2442, '002442', '0'),
(2443, '002443', '0'),
(2444, '002444', '0'),
(2445, '002445', '0'),
(2446, '002446', '0'),
(2447, '002447', '0'),
(2448, '002448', '0'),
(2449, '002449', '0'),
(2450, '002450', '0'),
(2451, '002451', '0'),
(2452, '002452', '0'),
(2453, '002453', '0'),
(2454, '002454', '0'),
(2455, '002455', '0'),
(2456, '002456', '0'),
(2457, '002457', '0'),
(2458, '002458', '0'),
(2459, '002459', '0'),
(2460, '002460', '0'),
(2461, '002461', '0'),
(2462, '002462', '0'),
(2463, '002463', '0'),
(2464, '002464', '0'),
(2465, '002465', '0'),
(2466, '002466', '0'),
(2467, '002467', '0'),
(2468, '002468', '0'),
(2469, '002469', '0'),
(2470, '002470', '0'),
(2471, '002471', '0'),
(2472, '002472', '0'),
(2473, '002473', '0'),
(2474, '002474', '0'),
(2475, '002475', '0'),
(2476, '002476', '0'),
(2477, '002477', '0'),
(2478, '002478', '0'),
(2479, '002479', '0'),
(2480, '002480', '0'),
(2481, '002481', '0'),
(2482, '002482', '0'),
(2483, '002483', '0'),
(2484, '002484', '0'),
(2485, '002485', '0'),
(2486, '002486', '0'),
(2487, '002487', '0'),
(2488, '002488', '0'),
(2489, '002489', '0'),
(2490, '002490', '0'),
(2491, '002491', '0'),
(2492, '002492', '0'),
(2493, '002493', '0'),
(2494, '002494', '0'),
(2495, '002495', '0'),
(2496, '002496', '0'),
(2497, '002497', '0'),
(2498, '002498', '0'),
(2499, '002499', '0'),
(2500, '002500', '0'),
(2501, '002501', '0'),
(2502, '002502', '0'),
(2503, '002503', '0'),
(2504, '002504', '0'),
(2505, '002505', '0'),
(2506, '002506', '0'),
(2507, '002507', '0'),
(2508, '002508', '0'),
(2509, '002509', '0'),
(2510, '002510', '0'),
(2511, '002511', '0'),
(2512, '002512', '0'),
(2513, '002513', '0'),
(2514, '002514', '0'),
(2515, '002515', '0'),
(2516, '002516', '0'),
(2517, '002517', '0'),
(2518, '002518', '0'),
(2519, '002519', '0'),
(2520, '002520', '0'),
(2521, '002521', '0'),
(2522, '002522', '0'),
(2523, '002523', '0'),
(2524, '002524', '0'),
(2525, '002525', '0'),
(2526, '002526', '0'),
(2527, '002527', '0'),
(2528, '002528', '0'),
(2529, '002529', '0'),
(2530, '002530', '0'),
(2531, '002531', '0'),
(2532, '002532', '0'),
(2533, '002533', '0'),
(2534, '002534', '0'),
(2535, '002535', '0'),
(2536, '002536', '0'),
(2537, '002537', '0'),
(2538, '002538', '0'),
(2539, '002539', '0'),
(2540, '002540', '0'),
(2541, '002541', '0'),
(2542, '002542', '0'),
(2543, '002543', '0'),
(2544, '002544', '0'),
(2545, '002545', '0'),
(2546, '002546', '0'),
(2547, '002547', '0'),
(2548, '002548', '0'),
(2549, '002549', '0'),
(2550, '002550', '0'),
(2551, '002551', '0'),
(2552, '002552', '0'),
(2553, '002553', '0'),
(2554, '002554', '0'),
(2555, '002555', '0'),
(2556, '002556', '0'),
(2557, '002557', '0'),
(2558, '002558', '0'),
(2559, '002559', '0'),
(2560, '002560', '0'),
(2561, '002561', '0'),
(2562, '002562', '0'),
(2563, '002563', '0'),
(2564, '002564', '0'),
(2565, '002565', '0'),
(2566, '002566', '0'),
(2567, '002567', '0'),
(2568, '002568', '0'),
(2569, '002569', '0'),
(2570, '002570', '0'),
(2571, '002571', '0'),
(2572, '002572', '0'),
(2573, '002573', '0'),
(2574, '002574', '0'),
(2575, '002575', '0'),
(2576, '002576', '0'),
(2577, '002577', '0'),
(2578, '002578', '0'),
(2579, '002579', '0'),
(2580, '002580', '0'),
(2581, '002581', '0'),
(2582, '002582', '0'),
(2583, '002583', '0'),
(2584, '002584', '0'),
(2585, '002585', '0'),
(2586, '002586', '0'),
(2587, '002587', '0'),
(2588, '002588', '0'),
(2589, '002589', '0'),
(2590, '002590', '0'),
(2591, '002591', '0'),
(2592, '002592', '0'),
(2593, '002593', '0'),
(2594, '002594', '0'),
(2595, '002595', '0'),
(2596, '002596', '0'),
(2597, '002597', '0'),
(2598, '002598', '0'),
(2599, '002599', '0'),
(2600, '002600', '0'),
(2601, '002601', '0'),
(2602, '002602', '0'),
(2603, '002603', '0'),
(2604, '002604', '0'),
(2605, '002605', '0'),
(2606, '002606', '0'),
(2607, '002607', '0'),
(2608, '002608', '0'),
(2609, '002609', '0'),
(2610, '002610', '0'),
(2611, '002611', '0'),
(2612, '002612', '0'),
(2613, '002613', '0'),
(2614, '002614', '0'),
(2615, '002615', '0'),
(2616, '002616', '0'),
(2617, '002617', '0'),
(2618, '002618', '0'),
(2619, '002619', '0'),
(2620, '002620', '0'),
(2621, '002621', '0'),
(2622, '002622', '0'),
(2623, '002623', '0'),
(2624, '002624', '0'),
(2625, '002625', '0'),
(2626, '002626', '0'),
(2627, '002627', '0'),
(2628, '002628', '0'),
(2629, '002629', '0'),
(2630, '002630', '0'),
(2631, '002631', '0'),
(2632, '002632', '0'),
(2633, '002633', '0'),
(2634, '002634', '0'),
(2635, '002635', '0'),
(2636, '002636', '0'),
(2637, '002637', '0'),
(2638, '002638', '0'),
(2639, '002639', '0'),
(2640, '002640', '0'),
(2641, '002641', '0'),
(2642, '002642', '0'),
(2643, '002643', '0'),
(2644, '002644', '0'),
(2645, '002645', '0'),
(2646, '002646', '0'),
(2647, '002647', '0'),
(2648, '002648', '0'),
(2649, '002649', '0'),
(2650, '002650', '0'),
(2651, '002651', '0'),
(2652, '002652', '0'),
(2653, '002653', '0'),
(2654, '002654', '0'),
(2655, '002655', '0'),
(2656, '002656', '0'),
(2657, '002657', '0'),
(2658, '002658', '0'),
(2659, '002659', '0'),
(2660, '002660', '0'),
(2661, '002661', '0'),
(2662, '002662', '0'),
(2663, '002663', '0'),
(2664, '002664', '0'),
(2665, '002665', '0'),
(2666, '002666', '0'),
(2667, '002667', '0'),
(2668, '002668', '0'),
(2669, '002669', '0'),
(2670, '002670', '0'),
(2671, '002671', '0'),
(2672, '002672', '0'),
(2673, '002673', '0'),
(2674, '002674', '0'),
(2675, '002675', '0'),
(2676, '002676', '0'),
(2677, '002677', '0'),
(2678, '002678', '0'),
(2679, '002679', '0'),
(2680, '002680', '0'),
(2681, '002681', '0'),
(2682, '002682', '0'),
(2683, '002683', '0'),
(2684, '002684', '0'),
(2685, '002685', '0'),
(2686, '002686', '0'),
(2687, '002687', '0'),
(2688, '002688', '0'),
(2689, '002689', '0'),
(2690, '002690', '0'),
(2691, '002691', '0'),
(2692, '002692', '0'),
(2693, '002693', '0'),
(2694, '002694', '0'),
(2695, '002695', '0'),
(2696, '002696', '0'),
(2697, '002697', '0'),
(2698, '002698', '0'),
(2699, '002699', '0'),
(2700, '002700', '0'),
(2701, '002701', '0'),
(2702, '002702', '0'),
(2703, '002703', '0'),
(2704, '002704', '0'),
(2705, '002705', '0'),
(2706, '002706', '0'),
(2707, '002707', '0'),
(2708, '002708', '0'),
(2709, '002709', '0'),
(2710, '002710', '0'),
(2711, '002711', '0'),
(2712, '002712', '0'),
(2713, '002713', '0'),
(2714, '002714', '0'),
(2715, '002715', '0'),
(2716, '002716', '0'),
(2717, '002717', '0'),
(2718, '002718', '0'),
(2719, '002719', '0'),
(2720, '002720', '0'),
(2721, '002721', '0'),
(2722, '002722', '0'),
(2723, '002723', '0'),
(2724, '002724', '0'),
(2725, '002725', '0'),
(2726, '002726', '0'),
(2727, '002727', '0'),
(2728, '002728', '0'),
(2729, '002729', '0'),
(2730, '002730', '0'),
(2731, '002731', '0'),
(2732, '002732', '0'),
(2733, '002733', '0'),
(2734, '002734', '0'),
(2735, '002735', '0'),
(2736, '002736', '0'),
(2737, '002737', '0'),
(2738, '002738', '0'),
(2739, '002739', '0'),
(2740, '002740', '0'),
(2741, '002741', '0'),
(2742, '002742', '0'),
(2743, '002743', '0'),
(2744, '002744', '0'),
(2745, '002745', '0'),
(2746, '002746', '0'),
(2747, '002747', '0'),
(2748, '002748', '0'),
(2749, '002749', '0'),
(2750, '002750', '0'),
(2751, '002751', '0'),
(2752, '002752', '0'),
(2753, '002753', '0'),
(2754, '002754', '0'),
(2755, '002755', '0'),
(2756, '002756', '0'),
(2757, '002757', '0'),
(2758, '002758', '0'),
(2759, '002759', '0'),
(2760, '002760', '0'),
(2761, '002761', '0'),
(2762, '002762', '0'),
(2763, '002763', '0'),
(2764, '002764', '0'),
(2765, '002765', '0'),
(2766, '002766', '0'),
(2767, '002767', '0'),
(2768, '002768', '0'),
(2769, '002769', '0'),
(2770, '002770', '0'),
(2771, '002771', '0'),
(2772, '002772', '0'),
(2773, '002773', '0'),
(2774, '002774', '0'),
(2775, '002775', '0'),
(2776, '002776', '0'),
(2777, '002777', '0'),
(2778, '002778', '0'),
(2779, '002779', '0'),
(2780, '002780', '0'),
(2781, '002781', '0'),
(2782, '002782', '0'),
(2783, '002783', '0'),
(2784, '002784', '0'),
(2785, '002785', '0'),
(2786, '002786', '0'),
(2787, '002787', '0'),
(2788, '002788', '0'),
(2789, '002789', '0'),
(2790, '002790', '0'),
(2791, '002791', '0'),
(2792, '002792', '0'),
(2793, '002793', '0'),
(2794, '002794', '0'),
(2795, '002795', '0'),
(2796, '002796', '0'),
(2797, '002797', '0'),
(2798, '002798', '0'),
(2799, '002799', '0'),
(2800, '002800', '0'),
(2801, '002801', '0'),
(2802, '002802', '0'),
(2803, '002803', '0'),
(2804, '002804', '0'),
(2805, '002805', '0'),
(2806, '002806', '0'),
(2807, '002807', '0'),
(2808, '002808', '0'),
(2809, '002809', '0'),
(2810, '002810', '0'),
(2811, '002811', '0'),
(2812, '002812', '0'),
(2813, '002813', '0'),
(2814, '002814', '0'),
(2815, '002815', '0'),
(2816, '002816', '0'),
(2817, '002817', '0'),
(2818, '002818', '0'),
(2819, '002819', '0'),
(2820, '002820', '0'),
(2821, '002821', '0'),
(2822, '002822', '0'),
(2823, '002823', '0'),
(2824, '002824', '0'),
(2825, '002825', '0'),
(2826, '002826', '0'),
(2827, '002827', '0'),
(2828, '002828', '0'),
(2829, '002829', '0'),
(2830, '002830', '0'),
(2831, '002831', '0'),
(2832, '002832', '0'),
(2833, '002833', '0'),
(2834, '002834', '0'),
(2835, '002835', '0'),
(2836, '002836', '0'),
(2837, '002837', '0'),
(2838, '002838', '0'),
(2839, '002839', '0'),
(2840, '002840', '0'),
(2841, '002841', '0'),
(2842, '002842', '0'),
(2843, '002843', '0'),
(2844, '002844', '0'),
(2845, '002845', '0'),
(2846, '002846', '0'),
(2847, '002847', '0'),
(2848, '002848', '0'),
(2849, '002849', '0'),
(2850, '002850', '0'),
(2851, '002851', '0'),
(2852, '002852', '0'),
(2853, '002853', '0'),
(2854, '002854', '0'),
(2855, '002855', '0'),
(2856, '002856', '0'),
(2857, '002857', '0'),
(2858, '002858', '0'),
(2859, '002859', '0'),
(2860, '002860', '0'),
(2861, '002861', '0'),
(2862, '002862', '0'),
(2863, '002863', '0'),
(2864, '002864', '0'),
(2865, '002865', '0'),
(2866, '002866', '0'),
(2867, '002867', '0'),
(2868, '002868', '0'),
(2869, '002869', '0'),
(2870, '002870', '0'),
(2871, '002871', '0'),
(2872, '002872', '0'),
(2873, '002873', '0'),
(2874, '002874', '0'),
(2875, '002875', '0'),
(2876, '002876', '0'),
(2877, '002877', '0'),
(2878, '002878', '0'),
(2879, '002879', '0'),
(2880, '002880', '0'),
(2881, '002881', '0'),
(2882, '002882', '0'),
(2883, '002883', '0'),
(2884, '002884', '0'),
(2885, '002885', '0'),
(2886, '002886', '0'),
(2887, '002887', '0'),
(2888, '002888', '0'),
(2889, '002889', '0'),
(2890, '002890', '0'),
(2891, '002891', '0'),
(2892, '002892', '0'),
(2893, '002893', '0'),
(2894, '002894', '0'),
(2895, '002895', '0'),
(2896, '002896', '0'),
(2897, '002897', '0'),
(2898, '002898', '0'),
(2899, '002899', '0'),
(2900, '002900', '0'),
(2901, '002901', '0'),
(2902, '002902', '0'),
(2903, '002903', '0'),
(2904, '002904', '0'),
(2905, '002905', '0'),
(2906, '002906', '0'),
(2907, '002907', '0'),
(2908, '002908', '0'),
(2909, '002909', '0'),
(2910, '002910', '0'),
(2911, '002911', '0'),
(2912, '002912', '0'),
(2913, '002913', '0'),
(2914, '002914', '0'),
(2915, '002915', '0'),
(2916, '002916', '0'),
(2917, '002917', '0'),
(2918, '002918', '0'),
(2919, '002919', '0'),
(2920, '002920', '0'),
(2921, '002921', '0'),
(2922, '002922', '0'),
(2923, '002923', '0'),
(2924, '002924', '0'),
(2925, '002925', '0'),
(2926, '002926', '0'),
(2927, '002927', '0'),
(2928, '002928', '0'),
(2929, '002929', '0'),
(2930, '002930', '0'),
(2931, '002931', '0'),
(2932, '002932', '0'),
(2933, '002933', '0'),
(2934, '002934', '0'),
(2935, '002935', '0'),
(2936, '002936', '0'),
(2937, '002937', '0'),
(2938, '002938', '0'),
(2939, '002939', '0'),
(2940, '002940', '0'),
(2941, '002941', '0'),
(2942, '002942', '0'),
(2943, '002943', '0'),
(2944, '002944', '0'),
(2945, '002945', '0'),
(2946, '002946', '0'),
(2947, '002947', '0'),
(2948, '002948', '0'),
(2949, '002949', '0'),
(2950, '002950', '0'),
(2951, '002951', '0'),
(2952, '002952', '0'),
(2953, '002953', '0'),
(2954, '002954', '0'),
(2955, '002955', '0'),
(2956, '002956', '0'),
(2957, '002957', '0'),
(2958, '002958', '0'),
(2959, '002959', '0'),
(2960, '002960', '0'),
(2961, '002961', '0'),
(2962, '002962', '0'),
(2963, '002963', '0'),
(2964, '002964', '0'),
(2965, '002965', '0'),
(2966, '002966', '0'),
(2967, '002967', '0'),
(2968, '002968', '0'),
(2969, '002969', '0'),
(2970, '002970', '0'),
(2971, '002971', '0'),
(2972, '002972', '0'),
(2973, '002973', '0'),
(2974, '002974', '0'),
(2975, '002975', '0'),
(2976, '002976', '0'),
(2977, '002977', '0'),
(2978, '002978', '0'),
(2979, '002979', '0'),
(2980, '002980', '0'),
(2981, '002981', '0'),
(2982, '002982', '0'),
(2983, '002983', '0'),
(2984, '002984', '0'),
(2985, '002985', '0'),
(2986, '002986', '0'),
(2987, '002987', '0'),
(2988, '002988', '0'),
(2989, '002989', '0'),
(2990, '002990', '0'),
(2991, '002991', '0'),
(2992, '002992', '0'),
(2993, '002993', '0'),
(2994, '002994', '0'),
(2995, '002995', '0'),
(2996, '002996', '0'),
(2997, '002997', '0'),
(2998, '002998', '0'),
(2999, '002999', '0'),
(3000, '003000', '0'),
(3001, '003001', '0'),
(3002, '003002', '0'),
(3003, '003003', '0'),
(3004, '003004', '0'),
(3005, '003005', '0'),
(3006, '003006', '0'),
(3007, '003007', '0'),
(3008, '003008', '0'),
(3009, '003009', '0'),
(3010, '003010', '0'),
(3011, '003011', '0'),
(3012, '003012', '0'),
(3013, '003013', '0'),
(3014, '003014', '0'),
(3015, '003015', '0'),
(3016, '003016', '0'),
(3017, '003017', '0')